{"cameraMode":{"drawMode":0,"name":"Shaded","section":"Shading Mode"},"sceneLighting":false,"audioPlay":false,"sceneViewState":{"m_AlwaysRefresh":false,"showFog":false,"showSkybox":false,"showFlares":false,"showImageEffects":true,"showParticleSystems":true,"showVisualEffectGraphs":true,"m_FxEnabled":true},"in2DMode":false,"pivot":{"x":1.4350733757019044,"y":0.24438166618347169,"z":-0.9995532035827637},"rotation":{"x":-0.07921876758337021,"y":-0.8510451912879944,"z":0.13512678444385529,"w":-0.5061777830123901},"size":2.6785287857055666,"orthographic":false}