{"cameraMode":{"drawMode":0,"name":"Shaded","section":"Shading Mode"},"sceneLighting":false,"audioPlay":false,"sceneViewState":{"m_AlwaysRefresh":false,"showFog":false,"showSkybox":false,"showFlares":false,"showImageEffects":true,"showParticleSystems":true,"showVisualEffectGraphs":true,"m_FxEnabled":true},"in2DMode":false,"pivot":{"x":2.4688398838043215,"y":1.144906759262085,"z":-1.378199815750122},"rotation":{"x":-0.025951892137527467,"y":-0.8260220289230347,"z":0.039780572056770328,"w":-0.5661255121231079},"size":2.6785287857055666,"orthographic":false}