{"cameraMode":{"drawMode":0,"name":"Shaded","section":"Shading Mode"},"sceneLighting":false,"audioPlay":false,"sceneViewState":{"m_AlwaysRefresh":false,"showFog":false,"showSkybox":false,"showFlares":false,"showImageEffects":true,"showParticleSystems":true,"showVisualEffectGraphs":true,"m_FxEnabled":true},"in2DMode":false,"pivot":{"x":-2.0646064281463625,"y":-0.8081885576248169,"z":1.29977285861969},"rotation":{"x":0.002887563081458211,"y":-0.8670147061347961,"z":0.004460709169507027,"w":-0.5034376978874207},"size":0.6848471164703369,"orthographic":false}