{"cameraMode":{"drawMode":0,"name":"Shaded","section":"Shading Mode"},"sceneLighting":false,"audioPlay":false,"sceneViewState":{"m_AlwaysRefresh":false,"showFog":false,"showSkybox":false,"showFlares":false,"showImageEffects":true,"showParticleSystems":true,"showVisualEffectGraphs":true,"m_FxEnabled":true},"in2DMode":false,"pivot":{"x":-1.2113807201385499,"y":2.0453968048095705,"z":10.793396949768067},"rotation":{"x":0.05093655362725258,"y":-0.8273077607154846,"z":0.05936671048402786,"w":0.5647022128105164},"size":2.3214364051818849,"orthographic":false}