{"cameraMode":{"drawMode":0,"name":"Shaded","section":"Shading Mode"},"sceneLighting":false,"audioPlay":false,"sceneViewState":{"m_AlwaysRefresh":false,"showFog":false,"showSkybox":false,"showFlares":false,"showImageEffects":true,"showParticleSystems":true,"showVisualEffectGraphs":true,"m_FxEnabled":true},"in2DMode":false,"pivot":{"x":-14.90280532836914,"y":1.7549548149108887,"z":63.32697677612305},"rotation":{"x":-0.011344312690198422,"y":-0.10210420191287995,"z":0.0011019728844985366,"w":-0.994801938533783},"size":14.680853843688965,"orthographic":false}