{"cameraMode":{"drawMode":0,"name":"Shaded","section":"Shading Mode"},"sceneLighting":false,"audioPlay":false,"sceneViewState":{"m_AlwaysRefresh":false,"showFog":false,"showSkybox":false,"showFlares":false,"showImageEffects":true,"showParticleSystems":true,"showVisualEffectGraphs":true,"m_FxEnabled":true},"in2DMode":false,"pivot":{"x":-29.077133178710939,"y":-0.4802909195423126,"z":16.324417114257814},"rotation":{"x":0.015894055366516115,"y":0.9854621291160584,"z":-0.14673049747943879,"w":0.10075368732213974},"size":4.171055316925049,"orthographic":false}