{"cameraMode":{"drawMode":0,"name":"Shaded","section":"Shading Mode"},"sceneLighting":false,"audioPlay":false,"sceneViewState":{"m_AlwaysRefresh":false,"showFog":false,"showSkybox":false,"showFlares":false,"showImageEffects":true,"showParticleSystems":true,"showVisualEffectGraphs":true,"m_FxEnabled":true},"in2DMode":false,"pivot":{"x":-8.299320220947266,"y":2.4521162509918215,"z":14.797636032104493},"rotation":{"x":0.3826695680618286,"y":-0.0705726370215416,"z":0.029330922290682794,"w":0.9207223653793335},"size":0.14825959503650666,"orthographic":false}