{"cameraMode":{"drawMode":0,"name":"Shaded","section":"Shading Mode"},"sceneLighting":false,"audioPlay":false,"sceneViewState":{"m_AlwaysRefresh":false,"showFog":false,"showSkybox":false,"showFlares":false,"showImageEffects":true,"showParticleSystems":true,"showVisualEffectGraphs":true,"m_FxEnabled":true},"in2DMode":false,"pivot":{"x":0.10513923317193985,"y":-0.022212207317352296,"z":-0.1490609347820282},"rotation":{"x":0.1388167291879654,"y":0.5794438123703003,"z":-0.10095743834972382,"w":0.7967343926429749},"size":0.5456834435462952,"orthographic":false}