{"cameraMode":{"drawMode":0,"name":"Shaded","section":"Shading Mode"},"sceneLighting":false,"audioPlay":false,"sceneViewState":{"m_AlwaysRefresh":false,"showFog":false,"showSkybox":false,"showFlares":false,"showImageEffects":true,"showParticleSystems":true,"showVisualEffectGraphs":true,"m_FxEnabled":true},"in2DMode":false,"pivot":{"x":4.8354692459106449,"y":2.5335428714752199,"z":-12.41851806640625},"rotation":{"x":0.01919734664261341,"y":-0.7754594683647156,"z":-0.012205247767269612,"w":-0.6384143829345703},"size":4.6830291748046879,"orthographic":false}