{"cameraMode":{"drawMode":0,"name":"Shaded","section":"Shading Mode"},"sceneLighting":false,"audioPlay":false,"sceneViewState":{"m_AlwaysRefresh":false,"showFog":false,"showSkybox":false,"showFlares":false,"showImageEffects":true,"showParticleSystems":true,"showVisualEffectGraphs":true,"m_FxEnabled":true},"in2DMode":false,"pivot":{"x":-0.11502798646688461,"y":1.1382100582122803,"z":-0.17864787578582765},"rotation":{"x":-0.008089878596365452,"y":0.9801357984542847,"z":-0.1939016878604889,"w":-0.04089520126581192},"size":0.7908627390861511,"orthographic":false}