{"cameraMode":{"drawMode":0,"name":"Shaded","section":"Shading Mode"},"sceneLighting":false,"audioPlay":false,"sceneViewState":{"m_AlwaysRefresh":false,"showFog":false,"showSkybox":false,"showFlares":false,"showImageEffects":true,"showParticleSystems":true,"showVisualEffectGraphs":true,"m_FxEnabled":true},"in2DMode":false,"pivot":{"x":-8.293057441711426,"y":4.017000198364258,"z":4.1539998054504398},"rotation":{"x":0.23225775361061097,"y":-0.11022897809743881,"z":0.022559380158782007,"w":0.9686968326568604},"size":0.16554635763168336,"orthographic":false}