{"cameraMode":{"drawMode":0,"name":"Shaded","section":"Shading Mode"},"sceneLighting":false,"audioPlay":false,"sceneViewState":{"m_AlwaysRefresh":false,"showFog":false,"showSkybox":false,"showFlares":false,"showImageEffects":true,"showParticleSystems":true,"showVisualEffectGraphs":true,"m_FxEnabled":true},"in2DMode":false,"pivot":{"x":-29.505788803100587,"y":1.9062614440917969,"z":22.412818908691408},"rotation":{"x":-0.0727161169052124,"y":-0.9258714318275452,"z":0.29536399245262148,"w":-0.22524061799049378},"size":2.1621763706207277,"orthographic":false}