{"cameraMode":{"drawMode":0,"name":"Shaded","section":"Shading Mode"},"sceneLighting":false,"audioPlay":false,"sceneViewState":{"m_AlwaysRefresh":false,"showFog":false,"showSkybox":false,"showFlares":false,"showImageEffects":true,"showParticleSystems":true,"showVisualEffectGraphs":true,"m_FxEnabled":true},"in2DMode":false,"pivot":{"x":-28.58428955078125,"y":0.8724198341369629,"z":17.191152572631837},"rotation":{"x":0.023051992058753969,"y":0.9782254099845886,"z":-0.17722484469413758,"w":0.11923784762620926},"size":4.171055316925049,"orthographic":false}