{"cameraMode":{"drawMode":0,"name":"Shaded","section":"Shading Mode"},"sceneLighting":true,"audioPlay":false,"sceneViewState":{"m_AlwaysRefresh":false,"showFog":false,"showSkybox":false,"showFlares":false,"showImageEffects":true,"showParticleSystems":true,"showVisualEffectGraphs":true,"m_FxEnabled":true},"in2DMode":false,"pivot":{"x":-14.641928672790528,"y":26.54709243774414,"z":16.780263900756837},"rotation":{"x":0.12530654668807984,"y":0.8685442209243774,"z":-0.2789906859397888,"w":0.39006978273391726},"size":7.1280903816223148,"orthographic":false}