{"cameraMode":{"drawMode":0,"name":"Shaded","section":"Shading Mode"},"sceneLighting":true,"audioPlay":false,"sceneViewState":{"m_AlwaysRefresh":false,"showFog":false,"showSkybox":false,"showFlares":false,"showImageEffects":true,"showParticleSystems":true,"showVisualEffectGraphs":true,"m_FxEnabled":true},"in2DMode":false,"pivot":{"x":29.397281646728517,"y":-0.022838911041617395,"z":-4.0741376876831059},"rotation":{"x":-0.2774788439273834,"y":-0.5922539234161377,"z":0.23384597897529603,"w":-0.722456157207489},"size":12.461819648742676,"orthographic":false}