{"cameraMode":{"drawMode":0,"name":"Shaded","section":"Shading Mode"},"sceneLighting":true,"audioPlay":false,"sceneViewState":{"m_AlwaysRefresh":false,"showFog":false,"showSkybox":false,"showFlares":false,"showImageEffects":true,"showParticleSystems":true,"showVisualEffectGraphs":true,"m_FxEnabled":true},"in2DMode":false,"pivot":{"x":39.473270416259769,"y":-7.231888294219971,"z":7.3869757652282719},"rotation":{"x":0.14751721918582917,"y":0.7561227083206177,"z":-0.15698258578777314,"w":0.6284710764884949},"size":13.659492492675782,"orthographic":false}