{"cameraMode":{"drawMode":0,"name":"Shaded","section":"Shading Mode"},"sceneLighting":true,"audioPlay":false,"sceneViewState":{"m_AlwaysRefresh":false,"showFog":false,"showSkybox":false,"showFlares":false,"showImageEffects":true,"showParticleSystems":true,"showVisualEffectGraphs":true,"m_FxEnabled":true},"in2DMode":false,"pivot":{"x":6.142748832702637,"y":14.186386108398438,"z":-27.865530014038087},"rotation":{"x":0.08987319469451904,"y":-0.9095627665519714,"z":0.2649393081665039,"w":0.30787762999534609},"size":0.8660253882408142,"orthographic":false}