{"cameraMode":{"drawMode":0,"name":"Shaded","section":"Shading Mode"},"sceneLighting":true,"audioPlay":false,"sceneViewState":{"m_AlwaysRefresh":false,"showFog":false,"showSkybox":false,"showFlares":false,"showImageEffects":true,"showParticleSystems":true,"showVisualEffectGraphs":true,"m_FxEnabled":true},"in2DMode":false,"pivot":{"x":19.682910919189454,"y":-29.466157913208009,"z":73.03409576416016},"rotation":{"x":0.22814276814460755,"y":0.17593100666999818,"z":-0.04433537647128105,"w":0.9590823650360107},"size":58.163639068603519,"orthographic":false}