{"cameraMode":{"drawMode":0,"name":"Shaded","section":"Shading Mode"},"sceneLighting":true,"audioPlay":false,"sceneViewState":{"m_AlwaysRefresh":false,"showFog":false,"showSkybox":false,"showFlares":false,"showImageEffects":true,"showParticleSystems":true,"showVisualEffectGraphs":true,"m_FxEnabled":true},"in2DMode":false,"pivot":{"x":-0.5107053518295288,"y":12.439918518066407,"z":14.020153045654297},"rotation":{"x":0.033523183315992358,"y":-0.8669278621673584,"z":0.49384981393814089,"w":0.05886293575167656},"size":6.448628902435303,"orthographic":false}